{"cameraMode":{"drawMode":0,"name":"Shaded","section":"Shading Mode"},"sceneLighting":true,"audioPlay":false,"sceneViewState":{"showFog":true,"showMaterialUpdate":false,"showSkybox":true,"showFlares":true,"showImageEffects":true,"showParticleSystems":true},"in2DMode":false,"pivot":{"x":-3.883617401123047,"y":2.6853060722351076,"z":9.556207656860352},"rotation":{"x":0.07099258899688721,"y":-0.18503235280513764,"z":0.013402843847870827,"w":0.9800732135772705},"size":31.141618728637697,"orthographic":false}